-- phpMyAdmin SQL Dump
-- version 4.5.1
-- http://www.phpmyadmin.net
--
-- Host: 127.0.0.1
-- Generation Time: Sep 12, 2019 at 03:24 PM
-- Server version: 10.1.13-MariaDB
-- PHP Version: 7.0.5

SET SQL_MODE = "NO_AUTO_VALUE_ON_ZERO";
SET time_zone = "+00:00";


/*!40101 SET @OLD_CHARACTER_SET_CLIENT=@@CHARACTER_SET_CLIENT */;
/*!40101 SET @OLD_CHARACTER_SET_RESULTS=@@CHARACTER_SET_RESULTS */;
/*!40101 SET @OLD_COLLATION_CONNECTION=@@COLLATION_CONNECTION */;
/*!40101 SET NAMES utf8mb4 */;

--
-- Database: `amp`
--

-- --------------------------------------------------------

--
-- Table structure for table `ampcommentmeta`
--

CREATE TABLE `ampcommentmeta` (
  `meta_id` bigint(20) UNSIGNED NOT NULL,
  `comment_id` bigint(20) UNSIGNED NOT NULL DEFAULT '0',
  `meta_key` varchar(255) COLLATE utf8mb4_unicode_ci DEFAULT NULL,
  `meta_value` longtext COLLATE utf8mb4_unicode_ci
) ENGINE=InnoDB DEFAULT CHARSET=utf8mb4 COLLATE=utf8mb4_unicode_ci;

-- --------------------------------------------------------

--
-- Table structure for table `ampcomments`
--

CREATE TABLE `ampcomments` (
  `comment_ID` bigint(20) UNSIGNED NOT NULL,
  `comment_post_ID` bigint(20) UNSIGNED NOT NULL DEFAULT '0',
  `comment_author` tinytext COLLATE utf8mb4_unicode_ci NOT NULL,
  `comment_author_email` varchar(100) COLLATE utf8mb4_unicode_ci NOT NULL DEFAULT '',
  `comment_author_url` varchar(200) COLLATE utf8mb4_unicode_ci NOT NULL DEFAULT '',
  `comment_author_IP` varchar(100) COLLATE utf8mb4_unicode_ci NOT NULL DEFAULT '',
  `comment_date` datetime NOT NULL DEFAULT '0000-00-00 00:00:00',
  `comment_date_gmt` datetime NOT NULL DEFAULT '0000-00-00 00:00:00',
  `comment_content` text COLLATE utf8mb4_unicode_ci NOT NULL,
  `comment_karma` int(11) NOT NULL DEFAULT '0',
  `comment_approved` varchar(20) COLLATE utf8mb4_unicode_ci NOT NULL DEFAULT '1',
  `comment_agent` varchar(255) COLLATE utf8mb4_unicode_ci NOT NULL DEFAULT '',
  `comment_type` varchar(20) COLLATE utf8mb4_unicode_ci NOT NULL DEFAULT '',
  `comment_parent` bigint(20) UNSIGNED NOT NULL DEFAULT '0',
  `user_id` bigint(20) UNSIGNED NOT NULL DEFAULT '0'
) ENGINE=InnoDB DEFAULT CHARSET=utf8mb4 COLLATE=utf8mb4_unicode_ci;

--
-- Dumping data for table `ampcomments`
--

INSERT INTO `ampcomments` (`comment_ID`, `comment_post_ID`, `comment_author`, `comment_author_email`, `comment_author_url`, `comment_author_IP`, `comment_date`, `comment_date_gmt`, `comment_content`, `comment_karma`, `comment_approved`, `comment_agent`, `comment_type`, `comment_parent`, `user_id`) VALUES
(1, 1, 'A WordPress Commenter', 'wapuu@wordpress.example', 'https://wordpress.org/', '', '2019-09-12 12:42:36', '2019-09-12 12:42:36', 'Hi, this is a comment.\nTo get started with moderating, editing, and deleting comments, please visit the Comments screen in the dashboard.\nCommenter avatars come from <a href="https://gravatar.com">Gravatar</a>.', 0, '1', '', '', 0, 0);

-- --------------------------------------------------------

--
-- Table structure for table `amplinks`
--

CREATE TABLE `amplinks` (
  `link_id` bigint(20) UNSIGNED NOT NULL,
  `link_url` varchar(255) COLLATE utf8mb4_unicode_ci NOT NULL DEFAULT '',
  `link_name` varchar(255) COLLATE utf8mb4_unicode_ci NOT NULL DEFAULT '',
  `link_image` varchar(255) COLLATE utf8mb4_unicode_ci NOT NULL DEFAULT '',
  `link_target` varchar(25) COLLATE utf8mb4_unicode_ci NOT NULL DEFAULT '',
  `link_description` varchar(255) COLLATE utf8mb4_unicode_ci NOT NULL DEFAULT '',
  `link_visible` varchar(20) COLLATE utf8mb4_unicode_ci NOT NULL DEFAULT 'Y',
  `link_owner` bigint(20) UNSIGNED NOT NULL DEFAULT '1',
  `link_rating` int(11) NOT NULL DEFAULT '0',
  `link_updated` datetime NOT NULL DEFAULT '0000-00-00 00:00:00',
  `link_rel` varchar(255) COLLATE utf8mb4_unicode_ci NOT NULL DEFAULT '',
  `link_notes` mediumtext COLLATE utf8mb4_unicode_ci NOT NULL,
  `link_rss` varchar(255) COLLATE utf8mb4_unicode_ci NOT NULL DEFAULT ''
) ENGINE=InnoDB DEFAULT CHARSET=utf8mb4 COLLATE=utf8mb4_unicode_ci;

-- --------------------------------------------------------

--
-- Table structure for table `ampoptions`
--

CREATE TABLE `ampoptions` (
  `option_id` bigint(20) UNSIGNED NOT NULL,
  `option_name` varchar(191) COLLATE utf8mb4_unicode_ci NOT NULL DEFAULT '',
  `option_value` longtext COLLATE utf8mb4_unicode_ci NOT NULL,
  `autoload` varchar(20) COLLATE utf8mb4_unicode_ci NOT NULL DEFAULT 'yes'
) ENGINE=InnoDB DEFAULT CHARSET=utf8mb4 COLLATE=utf8mb4_unicode_ci;

--
-- Dumping data for table `ampoptions`
--

INSERT INTO `ampoptions` (`option_id`, `option_name`, `option_value`, `autoload`) VALUES
(1, 'siteurl', 'http://localhost/amp', 'yes'),
(2, 'home', 'http://localhost/amp', 'yes'),
(3, 'blogname', 'Ateneo Musicians Pool', 'yes'),
(4, 'blogdescription', 'Just another WordPress site', 'yes'),
(5, 'users_can_register', '0', 'yes'),
(6, 'admin_email', 'dan.restoles@obf.ateneo.edu', 'yes'),
(7, 'start_of_week', '1', 'yes'),
(8, 'use_balanceTags', '0', 'yes'),
(9, 'use_smilies', '1', 'yes'),
(10, 'require_name_email', '1', 'yes'),
(11, 'comments_notify', '1', 'yes'),
(12, 'posts_per_rss', '10', 'yes'),
(13, 'rss_use_excerpt', '0', 'yes'),
(14, 'mailserver_url', 'mail.example.com', 'yes'),
(15, 'mailserver_login', 'login@example.com', 'yes'),
(16, 'mailserver_pass', 'password', 'yes'),
(17, 'mailserver_port', '110', 'yes'),
(18, 'default_category', '1', 'yes'),
(19, 'default_comment_status', 'open', 'yes'),
(20, 'default_ping_status', 'open', 'yes'),
(21, 'default_pingback_flag', '0', 'yes'),
(22, 'posts_per_page', '10', 'yes'),
(23, 'date_format', 'F j, Y', 'yes'),
(24, 'time_format', 'g:i a', 'yes'),
(25, 'links_updated_date_format', 'F j, Y g:i a', 'yes'),
(26, 'comment_moderation', '0', 'yes'),
(27, 'moderation_notify', '1', 'yes'),
(28, 'permalink_structure', '/%year%/%monthnum%/%day%/%postname%/', 'yes'),
(29, 'rewrite_rules', 'a:74:{s:11:"^wp-json/?$";s:22:"index.php?rest_route=/";s:14:"^wp-json/(.*)?";s:33:"index.php?rest_route=/$matches[1]";s:21:"^index.php/wp-json/?$";s:22:"index.php?rest_route=/";s:24:"^index.php/wp-json/(.*)?";s:33:"index.php?rest_route=/$matches[1]";s:48:".*wp-(atom|rdf|rss|rss2|feed|commentsrss2)\\.php$";s:18:"index.php?feed=old";s:20:".*wp-app\\.php(/.*)?$";s:19:"index.php?error=403";s:18:".*wp-register.php$";s:23:"index.php?register=true";s:32:"feed/(feed|rdf|rss|rss2|atom)/?$";s:27:"index.php?&feed=$matches[1]";s:27:"(feed|rdf|rss|rss2|atom)/?$";s:27:"index.php?&feed=$matches[1]";s:8:"embed/?$";s:21:"index.php?&embed=true";s:20:"page/?([0-9]{1,})/?$";s:28:"index.php?&paged=$matches[1]";s:41:"comments/feed/(feed|rdf|rss|rss2|atom)/?$";s:42:"index.php?&feed=$matches[1]&withcomments=1";s:36:"comments/(feed|rdf|rss|rss2|atom)/?$";s:42:"index.php?&feed=$matches[1]&withcomments=1";s:17:"comments/embed/?$";s:21:"index.php?&embed=true";s:44:"search/(.+)/feed/(feed|rdf|rss|rss2|atom)/?$";s:40:"index.php?s=$matches[1]&feed=$matches[2]";s:39:"search/(.+)/(feed|rdf|rss|rss2|atom)/?$";s:40:"index.php?s=$matches[1]&feed=$matches[2]";s:20:"search/(.+)/embed/?$";s:34:"index.php?s=$matches[1]&embed=true";s:32:"search/(.+)/page/?([0-9]{1,})/?$";s:41:"index.php?s=$matches[1]&paged=$matches[2]";s:14:"search/(.+)/?$";s:23:"index.php?s=$matches[1]";s:47:"author/([^/]+)/feed/(feed|rdf|rss|rss2|atom)/?$";s:50:"index.php?author_name=$matches[1]&feed=$matches[2]";s:42:"author/([^/]+)/(feed|rdf|rss|rss2|atom)/?$";s:50:"index.php?author_name=$matches[1]&feed=$matches[2]";s:23:"author/([^/]+)/embed/?$";s:44:"index.php?author_name=$matches[1]&embed=true";s:35:"author/([^/]+)/page/?([0-9]{1,})/?$";s:51:"index.php?author_name=$matches[1]&paged=$matches[2]";s:17:"author/([^/]+)/?$";s:33:"index.php?author_name=$matches[1]";s:69:"([0-9]{4})/([0-9]{1,2})/([0-9]{1,2})/feed/(feed|rdf|rss|rss2|atom)/?$";s:80:"index.php?year=$matches[1]&monthnum=$matches[2]&day=$matches[3]&feed=$matches[4]";s:64:"([0-9]{4})/([0-9]{1,2})/([0-9]{1,2})/(feed|rdf|rss|rss2|atom)/?$";s:80:"index.php?year=$matches[1]&monthnum=$matches[2]&day=$matches[3]&feed=$matches[4]";s:45:"([0-9]{4})/([0-9]{1,2})/([0-9]{1,2})/embed/?$";s:74:"index.php?year=$matches[1]&monthnum=$matches[2]&day=$matches[3]&embed=true";s:57:"([0-9]{4})/([0-9]{1,2})/([0-9]{1,2})/page/?([0-9]{1,})/?$";s:81:"index.php?year=$matches[1]&monthnum=$matches[2]&day=$matches[3]&paged=$matches[4]";s:39:"([0-9]{4})/([0-9]{1,2})/([0-9]{1,2})/?$";s:63:"index.php?year=$matches[1]&monthnum=$matches[2]&day=$matches[3]";s:56:"([0-9]{4})/([0-9]{1,2})/feed/(feed|rdf|rss|rss2|atom)/?$";s:64:"index.php?year=$matches[1]&monthnum=$matches[2]&feed=$matches[3]";s:51:"([0-9]{4})/([0-9]{1,2})/(feed|rdf|rss|rss2|atom)/?$";s:64:"index.php?year=$matches[1]&monthnum=$matches[2]&feed=$matches[3]";s:32:"([0-9]{4})/([0-9]{1,2})/embed/?$";s:58:"index.php?year=$matches[1]&monthnum=$matches[2]&embed=true";s:44:"([0-9]{4})/([0-9]{1,2})/page/?([0-9]{1,})/?$";s:65:"index.php?year=$matches[1]&monthnum=$matches[2]&paged=$matches[3]";s:26:"([0-9]{4})/([0-9]{1,2})/?$";s:47:"index.php?year=$matches[1]&monthnum=$matches[2]";s:43:"([0-9]{4})/feed/(feed|rdf|rss|rss2|atom)/?$";s:43:"index.php?year=$matches[1]&feed=$matches[2]";s:38:"([0-9]{4})/(feed|rdf|rss|rss2|atom)/?$";s:43:"index.php?year=$matches[1]&feed=$matches[2]";s:19:"([0-9]{4})/embed/?$";s:37:"index.php?year=$matches[1]&embed=true";s:31:"([0-9]{4})/page/?([0-9]{1,})/?$";s:44:"index.php?year=$matches[1]&paged=$matches[2]";s:13:"([0-9]{4})/?$";s:26:"index.php?year=$matches[1]";s:58:"[0-9]{4}/[0-9]{1,2}/[0-9]{1,2}/[^/]+/attachment/([^/]+)/?$";s:32:"index.php?attachment=$matches[1]";s:68:"[0-9]{4}/[0-9]{1,2}/[0-9]{1,2}/[^/]+/attachment/([^/]+)/trackback/?$";s:37:"index.php?attachment=$matches[1]&tb=1";s:88:"[0-9]{4}/[0-9]{1,2}/[0-9]{1,2}/[^/]+/attachment/([^/]+)/feed/(feed|rdf|rss|rss2|atom)/?$";s:49:"index.php?attachment=$matches[1]&feed=$matches[2]";s:83:"[0-9]{4}/[0-9]{1,2}/[0-9]{1,2}/[^/]+/attachment/([^/]+)/(feed|rdf|rss|rss2|atom)/?$";s:49:"index.php?attachment=$matches[1]&feed=$matches[2]";s:83:"[0-9]{4}/[0-9]{1,2}/[0-9]{1,2}/[^/]+/attachment/([^/]+)/comment-page-([0-9]{1,})/?$";s:50:"index.php?attachment=$matches[1]&cpage=$matches[2]";s:64:"[0-9]{4}/[0-9]{1,2}/[0-9]{1,2}/[^/]+/attachment/([^/]+)/embed/?$";s:43:"index.php?attachment=$matches[1]&embed=true";s:53:"([0-9]{4})/([0-9]{1,2})/([0-9]{1,2})/([^/]+)/embed/?$";s:91:"index.php?year=$matches[1]&monthnum=$matches[2]&day=$matches[3]&name=$matches[4]&embed=true";s:57:"([0-9]{4})/([0-9]{1,2})/([0-9]{1,2})/([^/]+)/trackback/?$";s:85:"index.php?year=$matches[1]&monthnum=$matches[2]&day=$matches[3]&name=$matches[4]&tb=1";s:77:"([0-9]{4})/([0-9]{1,2})/([0-9]{1,2})/([^/]+)/feed/(feed|rdf|rss|rss2|atom)/?$";s:97:"index.php?year=$matches[1]&monthnum=$matches[2]&day=$matches[3]&name=$matches[4]&feed=$matches[5]";s:72:"([0-9]{4})/([0-9]{1,2})/([0-9]{1,2})/([^/]+)/(feed|rdf|rss|rss2|atom)/?$";s:97:"index.php?year=$matches[1]&monthnum=$matches[2]&day=$matches[3]&name=$matches[4]&feed=$matches[5]";s:65:"([0-9]{4})/([0-9]{1,2})/([0-9]{1,2})/([^/]+)/page/?([0-9]{1,})/?$";s:98:"index.php?year=$matches[1]&monthnum=$matches[2]&day=$matches[3]&name=$matches[4]&paged=$matches[5]";s:72:"([0-9]{4})/([0-9]{1,2})/([0-9]{1,2})/([^/]+)/comment-page-([0-9]{1,})/?$";s:98:"index.php?year=$matches[1]&monthnum=$matches[2]&day=$matches[3]&name=$matches[4]&cpage=$matches[5]";s:61:"([0-9]{4})/([0-9]{1,2})/([0-9]{1,2})/([^/]+)(?:/([0-9]+))?/?$";s:97:"index.php?year=$matches[1]&monthnum=$matches[2]&day=$matches[3]&name=$matches[4]&page=$matches[5]";s:47:"[0-9]{4}/[0-9]{1,2}/[0-9]{1,2}/[^/]+/([^/]+)/?$";s:32:"index.php?attachment=$matches[1]";s:57:"[0-9]{4}/[0-9]{1,2}/[0-9]{1,2}/[^/]+/([^/]+)/trackback/?$";s:37:"index.php?attachment=$matches[1]&tb=1";s:77:"[0-9]{4}/[0-9]{1,2}/[0-9]{1,2}/[^/]+/([^/]+)/feed/(feed|rdf|rss|rss2|atom)/?$";s:49:"index.php?attachment=$matches[1]&feed=$matches[2]";s:72:"[0-9]{4}/[0-9]{1,2}/[0-9]{1,2}/[^/]+/([^/]+)/(feed|rdf|rss|rss2|atom)/?$";s:49:"index.php?attachment=$matches[1]&feed=$matches[2]";s:72:"[0-9]{4}/[0-9]{1,2}/[0-9]{1,2}/[^/]+/([^/]+)/comment-page-([0-9]{1,})/?$";s:50:"index.php?attachment=$matches[1]&cpage=$matches[2]";s:53:"[0-9]{4}/[0-9]{1,2}/[0-9]{1,2}/[^/]+/([^/]+)/embed/?$";s:43:"index.php?attachment=$matches[1]&embed=true";s:64:"([0-9]{4})/([0-9]{1,2})/([0-9]{1,2})/comment-page-([0-9]{1,})/?$";s:81:"index.php?year=$matches[1]&monthnum=$matches[2]&day=$matches[3]&cpage=$matches[4]";s:51:"([0-9]{4})/([0-9]{1,2})/comment-page-([0-9]{1,})/?$";s:65:"index.php?year=$matches[1]&monthnum=$matches[2]&cpage=$matches[3]";s:38:"([0-9]{4})/comment-page-([0-9]{1,})/?$";s:44:"index.php?year=$matches[1]&cpage=$matches[2]";s:27:".?.+?/attachment/([^/]+)/?$";s:32:"index.php?attachment=$matches[1]";s:37:".?.+?/attachment/([^/]+)/trackback/?$";s:37:"index.php?attachment=$matches[1]&tb=1";s:57:".?.+?/attachment/([^/]+)/feed/(feed|rdf|rss|rss2|atom)/?$";s:49:"index.php?attachment=$matches[1]&feed=$matches[2]";s:52:".?.+?/attachment/([^/]+)/(feed|rdf|rss|rss2|atom)/?$";s:49:"index.php?attachment=$matches[1]&feed=$matches[2]";s:52:".?.+?/attachment/([^/]+)/comment-page-([0-9]{1,})/?$";s:50:"index.php?attachment=$matches[1]&cpage=$matches[2]";s:33:".?.+?/attachment/([^/]+)/embed/?$";s:43:"index.php?attachment=$matches[1]&embed=true";s:16:"(.?.+?)/embed/?$";s:41:"index.php?pagename=$matches[1]&embed=true";s:20:"(.?.+?)/trackback/?$";s:35:"index.php?pagename=$matches[1]&tb=1";s:40:"(.?.+?)/feed/(feed|rdf|rss|rss2|atom)/?$";s:47:"index.php?pagename=$matches[1]&feed=$matches[2]";s:35:"(.?.+?)/(feed|rdf|rss|rss2|atom)/?$";s:47:"index.php?pagename=$matches[1]&feed=$matches[2]";s:28:"(.?.+?)/page/?([0-9]{1,})/?$";s:48:"index.php?pagename=$matches[1]&paged=$matches[2]";s:35:"(.?.+?)/comment-page-([0-9]{1,})/?$";s:48:"index.php?pagename=$matches[1]&cpage=$matches[2]";s:24:"(.?.+?)(?:/([0-9]+))?/?$";s:47:"index.php?pagename=$matches[1]&page=$matches[2]";}', 'yes'),
(30, 'hack_file', '0', 'yes'),
(31, 'blog_charset', 'UTF-8', 'yes'),
(32, 'moderation_keys', '', 'no'),
(33, 'active_plugins', 'a:3:{i:0;s:33:"classic-editor/classic-editor.php";i:1;s:25:"insert-php/insert_php.php";i:2;s:39:"siteorigin-panels/siteorigin-panels.php";}', 'yes'),
(34, 'category_base', '', 'yes'),
(35, 'ping_sites', 'http://rpc.pingomatic.com/', 'yes'),
(36, 'comment_max_links', '2', 'yes'),
(37, 'gmt_offset', '0', 'yes'),
(38, 'default_email_category', '1', 'yes'),
(39, 'recently_edited', '', 'no'),
(40, 'template', 'twentynineteen', 'yes'),
(41, 'stylesheet', 'twentynineteen', 'yes'),
(42, 'comment_whitelist', '1', 'yes'),
(43, 'blacklist_keys', '', 'no'),
(44, 'comment_registration', '0', 'yes'),
(45, 'html_type', 'text/html', 'yes'),
(46, 'use_trackback', '0', 'yes'),
(47, 'default_role', 'subscriber', 'yes'),
(48, 'db_version', '44719', 'yes'),
(49, 'uploads_use_yearmonth_folders', '1', 'yes'),
(50, 'upload_path', '', 'yes'),
(51, 'blog_public', '0', 'yes'),
(52, 'default_link_category', '2', 'yes'),
(53, 'show_on_front', 'posts', 'yes'),
(54, 'tag_base', '', 'yes'),
(55, 'show_avatars', '1', 'yes'),
(56, 'avatar_rating', 'G', 'yes'),
(57, 'upload_url_path', '', 'yes'),
(58, 'thumbnail_size_w', '150', 'yes'),
(59, 'thumbnail_size_h', '150', 'yes'),
(60, 'thumbnail_crop', '1', 'yes'),
(61, 'medium_size_w', '300', 'yes'),
(62, 'medium_size_h', '300', 'yes'),
(63, 'avatar_default', 'mystery', 'yes'),
(64, 'large_size_w', '1024', 'yes'),
(65, 'large_size_h', '1024', 'yes'),
(66, 'image_default_link_type', 'none', 'yes'),
(67, 'image_default_size', '', 'yes'),
(68, 'image_default_align', '', 'yes'),
(69, 'close_comments_for_old_posts', '0', 'yes'),
(70, 'close_comments_days_old', '14', 'yes'),
(71, 'thread_comments', '1', 'yes'),
(72, 'thread_comments_depth', '5', 'yes'),
(73, 'page_comments', '0', 'yes'),
(74, 'comments_per_page', '50', 'yes'),
(75, 'default_comments_page', 'newest', 'yes'),
(76, 'comment_order', 'asc', 'yes'),
(77, 'sticky_posts', 'a:0:{}', 'yes'),
(78, 'widget_categories', 'a:2:{i:2;a:4:{s:5:"title";s:0:"";s:5:"count";i:0;s:12:"hierarchical";i:0;s:8:"dropdown";i:0;}s:12:"_multiwidget";i:1;}', 'yes'),
(79, 'widget_text', 'a:0:{}', 'yes'),
(80, 'widget_rss', 'a:0:{}', 'yes'),
(81, 'uninstall_plugins', 'a:1:{s:33:"classic-editor/classic-editor.php";a:2:{i:0;s:14:"Classic_Editor";i:1;s:9:"uninstall";}}', 'no'),
(82, 'timezone_string', '', 'yes'),
(83, 'page_for_posts', '0', 'yes'),
(84, 'page_on_front', '0', 'yes'),
(85, 'default_post_format', '0', 'yes'),
(86, 'link_manager_enabled', '0', 'yes'),
(87, 'finished_splitting_shared_terms', '1', 'yes'),
(88, 'site_icon', '0', 'yes'),
(89, 'medium_large_size_w', '768', 'yes'),
(90, 'medium_large_size_h', '0', 'yes'),
(91, 'wp_page_for_privacy_policy', '3', 'yes'),
(92, 'show_comments_cookies_opt_in', '1', 'yes'),
(93, 'initial_db_version', '44719', 'yes'),
(94, 'ampuser_roles', 'a:5:{s:13:"administrator";a:2:{s:4:"name";s:13:"Administrator";s:12:"capabilities";a:68:{s:13:"switch_themes";b:1;s:11:"edit_themes";b:1;s:16:"activate_plugins";b:1;s:12:"edit_plugins";b:1;s:10:"edit_users";b:1;s:10:"edit_files";b:1;s:14:"manage_options";b:1;s:17:"moderate_comments";b:1;s:17:"manage_categories";b:1;s:12:"manage_links";b:1;s:12:"upload_files";b:1;s:6:"import";b:1;s:15:"unfiltered_html";b:1;s:10:"edit_posts";b:1;s:17:"edit_others_posts";b:1;s:20:"edit_published_posts";b:1;s:13:"publish_posts";b:1;s:10:"edit_pages";b:1;s:4:"read";b:1;s:8:"level_10";b:1;s:7:"level_9";b:1;s:7:"level_8";b:1;s:7:"level_7";b:1;s:7:"level_6";b:1;s:7:"level_5";b:1;s:7:"level_4";b:1;s:7:"level_3";b:1;s:7:"level_2";b:1;s:7:"level_1";b:1;s:7:"level_0";b:1;s:17:"edit_others_pages";b:1;s:20:"edit_published_pages";b:1;s:13:"publish_pages";b:1;s:12:"delete_pages";b:1;s:19:"delete_others_pages";b:1;s:22:"delete_published_pages";b:1;s:12:"delete_posts";b:1;s:19:"delete_others_posts";b:1;s:22:"delete_published_posts";b:1;s:20:"delete_private_posts";b:1;s:18:"edit_private_posts";b:1;s:18:"read_private_posts";b:1;s:20:"delete_private_pages";b:1;s:18:"edit_private_pages";b:1;s:18:"read_private_pages";b:1;s:12:"delete_users";b:1;s:12:"create_users";b:1;s:17:"unfiltered_upload";b:1;s:14:"edit_dashboard";b:1;s:14:"update_plugins";b:1;s:14:"delete_plugins";b:1;s:15:"install_plugins";b:1;s:13:"update_themes";b:1;s:14:"install_themes";b:1;s:11:"update_core";b:1;s:10:"list_users";b:1;s:12:"remove_users";b:1;s:13:"promote_users";b:1;s:18:"edit_theme_options";b:1;s:13:"delete_themes";b:1;s:6:"export";b:1;s:18:"edit_wbcr-snippets";b:1;s:18:"read_wbcr-snippets";b:1;s:20:"delete_wbcr-snippets";b:1;s:19:"edit_wbcr-snippetss";b:1;s:26:"edit_others_wbcr-snippetss";b:1;s:22:"publish_wbcr-snippetss";b:1;s:27:"read_private_wbcr-snippetss";b:1;}}s:6:"editor";a:2:{s:4:"name";s:6:"Editor";s:12:"capabilities";a:34:{s:17:"moderate_comments";b:1;s:17:"manage_categories";b:1;s:12:"manage_links";b:1;s:12:"upload_files";b:1;s:15:"unfiltered_html";b:1;s:10:"edit_posts";b:1;s:17:"edit_others_posts";b:1;s:20:"edit_published_posts";b:1;s:13:"publish_posts";b:1;s:10:"edit_pages";b:1;s:4:"read";b:1;s:7:"level_7";b:1;s:7:"level_6";b:1;s:7:"level_5";b:1;s:7:"level_4";b:1;s:7:"level_3";b:1;s:7:"level_2";b:1;s:7:"level_1";b:1;s:7:"level_0";b:1;s:17:"edit_others_pages";b:1;s:20:"edit_published_pages";b:1;s:13:"publish_pages";b:1;s:12:"delete_pages";b:1;s:19:"delete_others_pages";b:1;s:22:"delete_published_pages";b:1;s:12:"delete_posts";b:1;s:19:"delete_others_posts";b:1;s:22:"delete_published_posts";b:1;s:20:"delete_private_posts";b:1;s:18:"edit_private_posts";b:1;s:18:"read_private_posts";b:1;s:20:"delete_private_pages";b:1;s:18:"edit_private_pages";b:1;s:18:"read_private_pages";b:1;}}s:6:"author";a:2:{s:4:"name";s:6:"Author";s:12:"capabilities";a:10:{s:12:"upload_files";b:1;s:10:"edit_posts";b:1;s:20:"edit_published_posts";b:1;s:13:"publish_posts";b:1;s:4:"read";b:1;s:7:"level_2";b:1;s:7:"level_1";b:1;s:7:"level_0";b:1;s:12:"delete_posts";b:1;s:22:"delete_published_posts";b:1;}}s:11:"contributor";a:2:{s:4:"name";s:11:"Contributor";s:12:"capabilities";a:5:{s:10:"edit_posts";b:1;s:4:"read";b:1;s:7:"level_1";b:1;s:7:"level_0";b:1;s:12:"delete_posts";b:1;}}s:10:"subscriber";a:2:{s:4:"name";s:10:"Subscriber";s:12:"capabilities";a:2:{s:4:"read";b:1;s:7:"level_0";b:1;}}}', 'yes'),
(95, 'fresh_site', '1', 'yes'),
(96, 'widget_search', 'a:2:{i:2;a:1:{s:5:"title";s:0:"";}s:12:"_multiwidget";i:1;}', 'yes'),
(97, 'widget_recent-posts', 'a:2:{i:2;a:2:{s:5:"title";s:0:"";s:6:"number";i:5;}s:12:"_multiwidget";i:1;}', 'yes'),
(98, 'widget_recent-comments', 'a:2:{i:2;a:2:{s:5:"title";s:0:"";s:6:"number";i:5;}s:12:"_multiwidget";i:1;}', 'yes'),
(99, 'widget_archives', 'a:2:{i:2;a:3:{s:5:"title";s:0:"";s:5:"count";i:0;s:8:"dropdown";i:0;}s:12:"_multiwidget";i:1;}', 'yes'),
(100, 'widget_meta', 'a:2:{i:2;a:1:{s:5:"title";s:0:"";}s:12:"_multiwidget";i:1;}', 'yes'),
(101, 'sidebars_widgets', 'a:3:{s:19:"wp_inactive_widgets";a:0:{}s:9:"sidebar-1";a:6:{i:0;s:8:"search-2";i:1;s:14:"recent-posts-2";i:2;s:17:"recent-comments-2";i:3;s:10:"archives-2";i:4;s:12:"categories-2";i:5;s:6:"meta-2";}s:13:"array_version";i:3;}', 'yes'),
(102, 'cron', 'a:6:{i:1568295758;a:1:{s:34:"wp_privacy_delete_old_export_files";a:1:{s:32:"40cd750bba9870f18aada2478b24840a";a:3:{s:8:"schedule";s:6:"hourly";s:4:"args";a:0:{}s:8:"interval";i:3600;}}}i:1568335358;a:3:{s:16:"wp_version_check";a:1:{s:32:"40cd750bba9870f18aada2478b24840a";a:3:{s:8:"schedule";s:10:"twicedaily";s:4:"args";a:0:{}s:8:"interval";i:43200;}}s:17:"wp_update_plugins";a:1:{s:32:"40cd750bba9870f18aada2478b24840a";a:3:{s:8:"schedule";s:10:"twicedaily";s:4:"args";a:0:{}s:8:"interval";i:43200;}}s:16:"wp_update_themes";a:1:{s:32:"40cd750bba9870f18aada2478b24840a";a:3:{s:8:"schedule";s:10:"twicedaily";s:4:"args";a:0:{}s:8:"interval";i:43200;}}}i:1568378557;a:1:{s:32:"recovery_mode_clean_expired_keys";a:1:{s:32:"40cd750bba9870f18aada2478b24840a";a:3:{s:8:"schedule";s:5:"daily";s:4:"args";a:0:{}s:8:"interval";i:86400;}}}i:1568378610;a:2:{s:19:"wp_scheduled_delete";a:1:{s:32:"40cd750bba9870f18aada2478b24840a";a:3:{s:8:"schedule";s:5:"daily";s:4:"args";a:0:{}s:8:"interval";i:86400;}}s:25:"delete_expired_transients";a:1:{s:32:"40cd750bba9870f18aada2478b24840a";a:3:{s:8:"schedule";s:5:"daily";s:4:"args";a:0:{}s:8:"interval";i:86400;}}}i:1568378615;a:1:{s:30:"wp_scheduled_auto_draft_delete";a:1:{s:32:"40cd750bba9870f18aada2478b24840a";a:3:{s:8:"schedule";s:5:"daily";s:4:"args";a:0:{}s:8:"interval";i:86400;}}}s:7:"version";i:2;}', 'yes'),
(103, 'widget_pages', 'a:1:{s:12:"_multiwidget";i:1;}', 'yes'),
(104, 'widget_calendar', 'a:1:{s:12:"_multiwidget";i:1;}', 'yes'),
(105, 'widget_media_audio', 'a:1:{s:12:"_multiwidget";i:1;}', 'yes'),
(106, 'widget_media_image', 'a:1:{s:12:"_multiwidget";i:1;}', 'yes'),
(107, 'widget_media_gallery', 'a:1:{s:12:"_multiwidget";i:1;}', 'yes'),
(108, 'widget_media_video', 'a:1:{s:12:"_multiwidget";i:1;}', 'yes'),
(109, 'widget_tag_cloud', 'a:1:{s:12:"_multiwidget";i:1;}', 'yes'),
(110, 'widget_nav_menu', 'a:1:{s:12:"_multiwidget";i:1;}', 'yes'),
(111, 'widget_custom_html', 'a:1:{s:12:"_multiwidget";i:1;}', 'yes'),
(113, 'recovery_keys', 'a:0:{}', 'yes'),
(114, '_site_transient_update_core', 'O:8:"stdClass":4:{s:7:"updates";a:1:{i:0;O:8:"stdClass":10:{s:8:"response";s:6:"latest";s:8:"download";s:59:"https://downloads.wordpress.org/release/wordpress-5.2.3.zip";s:6:"locale";s:5:"en_US";s:8:"packages";O:8:"stdClass":5:{s:4:"full";s:59:"https://downloads.wordpress.org/release/wordpress-5.2.3.zip";s:10:"no_content";s:70:"https://downloads.wordpress.org/release/wordpress-5.2.3-no-content.zip";s:11:"new_bundled";s:71:"https://downloads.wordpress.org/release/wordpress-5.2.3-new-bundled.zip";s:7:"partial";b:0;s:8:"rollback";b:0;}s:7:"current";s:5:"5.2.3";s:7:"version";s:5:"5.2.3";s:11:"php_version";s:6:"5.6.20";s:13:"mysql_version";s:3:"5.0";s:11:"new_bundled";s:3:"5.0";s:15:"partial_version";s:0:"";}}s:12:"last_checked";i:1568292240;s:15:"version_checked";s:5:"5.2.3";s:12:"translations";a:0:{}}', 'no'),
(115, 'theme_mods_twentynineteen', 'a:1:{s:18:"custom_css_post_id";i:-1;}', 'yes'),
(118, '_site_transient_timeout_theme_roots', '1568293962', 'no'),
(119, '_site_transient_theme_roots', 'a:3:{s:14:"twentynineteen";s:7:"/themes";s:15:"twentyseventeen";s:7:"/themes";s:13:"twentysixteen";s:7:"/themes";}', 'no'),
(120, '_site_transient_update_themes', 'O:8:"stdClass":4:{s:12:"last_checked";i:1568292291;s:7:"checked";a:3:{s:14:"twentynineteen";s:3:"1.4";s:15:"twentyseventeen";s:3:"2.2";s:13:"twentysixteen";s:3:"2.0";}s:8:"response";a:0:{}s:12:"translations";a:0:{}}', 'no'),
(121, '_site_transient_timeout_browser_471e4b86e3560c6feb474def098169b6', '1568897012', 'no'),
(122, '_site_transient_browser_471e4b86e3560c6feb474def098169b6', 'a:10:{s:4:"name";s:6:"Chrome";s:7:"version";s:13:"76.0.3809.132";s:8:"platform";s:7:"Windows";s:10:"update_url";s:29:"https://www.google.com/chrome";s:7:"img_src";s:43:"http://s.w.org/images/browsers/chrome.png?1";s:11:"img_src_ssl";s:44:"https://s.w.org/images/browsers/chrome.png?1";s:15:"current_version";s:2:"18";s:7:"upgrade";b:0;s:8:"insecure";b:0;s:6:"mobile";b:0;}', 'no'),
(124, '_site_transient_timeout_php_check_772c053a1708f61d2449a13164191482', '1568897013', 'no'),
(125, '_site_transient_php_check_772c053a1708f61d2449a13164191482', 'a:5:{s:19:"recommended_version";s:3:"7.3";s:15:"minimum_version";s:6:"5.6.20";s:12:"is_supported";b:0;s:9:"is_secure";b:0;s:13:"is_acceptable";b:1;}', 'no'),
(128, '_transient_timeout_plugin_slugs', '1568378804', 'no'),
(129, '_transient_plugin_slugs', 'a:5:{i:0;s:19:"akismet/akismet.php";i:1;s:33:"classic-editor/classic-editor.php";i:2;s:9:"hello.php";i:3;s:39:"siteorigin-panels/siteorigin-panels.php";i:4;s:25:"insert-php/insert_php.php";}', 'no'),
(130, 'recently_activated', 'a:0:{}', 'yes'),
(131, 'can_compress_scripts', '1', 'no'),
(132, '_site_transient_timeout_poptags_40cd750bba9870f18aada2478b24840a', '1568303034', 'no'),
(133, '_site_transient_poptags_40cd750bba9870f18aada2478b24840a', 'O:8:"stdClass":100:{s:6:"widget";a:3:{s:4:"name";s:6:"widget";s:4:"slug";s:6:"widget";s:5:"count";i:4618;}s:11:"woocommerce";a:3:{s:4:"name";s:11:"woocommerce";s:4:"slug";s:11:"woocommerce";s:5:"count";i:3615;}s:4:"post";a:3:{s:4:"name";s:4:"post";s:4:"slug";s:4:"post";s:5:"count";i:2640;}s:5:"admin";a:3:{s:4:"name";s:5:"admin";s:4:"slug";s:5:"admin";s:5:"count";i:2514;}s:5:"posts";a:3:{s:4:"name";s:5:"posts";s:4:"slug";s:5:"posts";s:5:"count";i:1935;}s:9:"shortcode";a:3:{s:4:"name";s:9:"shortcode";s:4:"slug";s:9:"shortcode";s:5:"count";i:1757;}s:8:"comments";a:3:{s:4:"name";s:8:"comments";s:4:"slug";s:8:"comments";s:5:"count";i:1748;}s:7:"twitter";a:3:{s:4:"name";s:7:"twitter";s:4:"slug";s:7:"twitter";s:5:"count";i:1471;}s:6:"images";a:3:{s:4:"name";s:6:"images";s:4:"slug";s:6:"images";s:5:"count";i:1450;}s:6:"google";a:3:{s:4:"name";s:6:"google";s:4:"slug";s:6:"google";s:5:"count";i:1445;}s:8:"facebook";a:3:{s:4:"name";s:8:"facebook";s:4:"slug";s:8:"facebook";s:5:"count";i:1439;}s:5:"image";a:3:{s:4:"name";s:5:"image";s:4:"slug";s:5:"image";s:5:"count";i:1384;}s:3:"seo";a:3:{s:4:"name";s:3:"seo";s:4:"slug";s:3:"seo";s:5:"count";i:1353;}s:7:"sidebar";a:3:{s:4:"name";s:7:"sidebar";s:4:"slug";s:7:"sidebar";s:5:"count";i:1295;}s:7:"gallery";a:3:{s:4:"name";s:7:"gallery";s:4:"slug";s:7:"gallery";s:5:"count";i:1156;}s:5:"email";a:3:{s:4:"name";s:5:"email";s:4:"slug";s:5:"email";s:5:"count";i:1135;}s:4:"page";a:3:{s:4:"name";s:4:"page";s:4:"slug";s:4:"page";s:5:"count";i:1105;}s:6:"social";a:3:{s:4:"name";s:6:"social";s:4:"slug";s:6:"social";s:5:"count";i:1073;}s:9:"ecommerce";a:3:{s:4:"name";s:9:"ecommerce";s:4:"slug";s:9:"ecommerce";s:5:"count";i:1037;}s:5:"login";a:3:{s:4:"name";s:5:"login";s:4:"slug";s:5:"login";s:5:"count";i:949;}s:5:"links";a:3:{s:4:"name";s:5:"links";s:4:"slug";s:5:"links";s:5:"count";i:860;}s:7:"widgets";a:3:{s:4:"name";s:7:"widgets";s:4:"slug";s:7:"widgets";s:5:"count";i:848;}s:5:"video";a:3:{s:4:"name";s:5:"video";s:4:"slug";s:5:"video";s:5:"count";i:845;}s:8:"security";a:3:{s:4:"name";s:8:"security";s:4:"slug";s:8:"security";s:5:"count";i:810;}s:4:"spam";a:3:{s:4:"name";s:4:"spam";s:4:"slug";s:4:"spam";s:5:"count";i:753;}s:7:"content";a:3:{s:4:"name";s:7:"content";s:4:"slug";s:7:"content";s:5:"count";i:745;}s:6:"slider";a:3:{s:4:"name";s:6:"slider";s:4:"slug";s:6:"slider";s:5:"count";i:734;}s:10:"buddypress";a:3:{s:4:"name";s:10:"buddypress";s:4:"slug";s:10:"buddypress";s:5:"count";i:732;}s:10:"e-commerce";a:3:{s:4:"name";s:10:"e-commerce";s:4:"slug";s:10:"e-commerce";s:5:"count";i:721;}s:9:"analytics";a:3:{s:4:"name";s:9:"analytics";s:4:"slug";s:9:"analytics";s:5:"count";i:705;}s:3:"rss";a:3:{s:4:"name";s:3:"rss";s:4:"slug";s:3:"rss";s:5:"count";i:703;}s:5:"pages";a:3:{s:4:"name";s:5:"pages";s:4:"slug";s:5:"pages";s:5:"count";i:687;}s:5:"media";a:3:{s:4:"name";s:5:"media";s:4:"slug";s:5:"media";s:5:"count";i:681;}s:6:"search";a:3:{s:4:"name";s:6:"search";s:4:"slug";s:6:"search";s:5:"count";i:671;}s:4:"form";a:3:{s:4:"name";s:4:"form";s:4:"slug";s:4:"form";s:5:"count";i:670;}s:6:"jquery";a:3:{s:4:"name";s:6:"jquery";s:4:"slug";s:6:"jquery";s:5:"count";i:657;}s:4:"feed";a:3:{s:4:"name";s:4:"feed";s:4:"slug";s:4:"feed";s:5:"count";i:636;}s:4:"menu";a:3:{s:4:"name";s:4:"menu";s:4:"slug";s:4:"menu";s:5:"count";i:630;}s:8:"category";a:3:{s:4:"name";s:8:"category";s:4:"slug";s:8:"category";s:5:"count";i:624;}s:4:"ajax";a:3:{s:4:"name";s:4:"ajax";s:4:"slug";s:4:"ajax";s:5:"count";i:624;}s:6:"editor";a:3:{s:4:"name";s:6:"editor";s:4:"slug";s:6:"editor";s:5:"count";i:605;}s:5:"embed";a:3:{s:4:"name";s:5:"embed";s:4:"slug";s:5:"embed";s:5:"count";i:599;}s:10:"javascript";a:3:{s:4:"name";s:10:"javascript";s:4:"slug";s:10:"javascript";s:5:"count";i:577;}s:3:"css";a:3:{s:4:"name";s:3:"css";s:4:"slug";s:3:"css";s:5:"count";i:573;}s:4:"link";a:3:{s:4:"name";s:4:"link";s:4:"slug";s:4:"link";s:5:"count";i:562;}s:7:"youtube";a:3:{s:4:"name";s:7:"youtube";s:4:"slug";s:7:"youtube";s:5:"count";i:562;}s:12:"contact-form";a:3:{s:4:"name";s:12:"contact form";s:4:"slug";s:12:"contact-form";s:5:"count";i:555;}s:5:"share";a:3:{s:4:"name";s:5:"share";s:4:"slug";s:5:"share";s:5:"count";i:544;}s:5:"theme";a:3:{s:4:"name";s:5:"theme";s:4:"slug";s:5:"theme";s:5:"count";i:537;}s:7:"comment";a:3:{s:4:"name";s:7:"comment";s:4:"slug";s:7:"comment";s:5:"count";i:533;}s:10:"responsive";a:3:{s:4:"name";s:10:"responsive";s:4:"slug";s:10:"responsive";s:5:"count";i:529;}s:9:"dashboard";a:3:{s:4:"name";s:9:"dashboard";s:4:"slug";s:9:"dashboard";s:5:"count";i:524;}s:6:"custom";a:3:{s:4:"name";s:6:"custom";s:4:"slug";s:6:"custom";s:5:"count";i:519;}s:9:"affiliate";a:3:{s:4:"name";s:9:"affiliate";s:4:"slug";s:9:"affiliate";s:5:"count";i:516;}s:3:"ads";a:3:{s:4:"name";s:3:"ads";s:4:"slug";s:3:"ads";s:5:"count";i:513;}s:7:"payment";a:3:{s:4:"name";s:7:"payment";s:4:"slug";s:7:"payment";s:5:"count";i:511;}s:10:"categories";a:3:{s:4:"name";s:10:"categories";s:4:"slug";s:10:"categories";s:5:"count";i:504;}s:7:"contact";a:3:{s:4:"name";s:7:"contact";s:4:"slug";s:7:"contact";s:5:"count";i:484;}s:4:"user";a:3:{s:4:"name";s:4:"user";s:4:"slug";s:4:"user";s:5:"count";i:480;}s:4:"tags";a:3:{s:4:"name";s:4:"tags";s:4:"slug";s:4:"tags";s:5:"count";i:479;}s:6:"button";a:3:{s:4:"name";s:6:"button";s:4:"slug";s:6:"button";s:5:"count";i:478;}s:3:"api";a:3:{s:4:"name";s:3:"api";s:4:"slug";s:3:"api";s:5:"count";i:476;}s:6:"mobile";a:3:{s:4:"name";s:6:"mobile";s:4:"slug";s:6:"mobile";s:5:"count";i:459;}s:5:"users";a:3:{s:4:"name";s:5:"users";s:4:"slug";s:5:"users";s:5:"count";i:458;}s:6:"events";a:3:{s:4:"name";s:6:"events";s:4:"slug";s:6:"events";s:5:"count";i:448;}s:15:"payment-gateway";a:3:{s:4:"name";s:15:"payment gateway";s:4:"slug";s:15:"payment-gateway";s:5:"count";i:440;}s:5:"photo";a:3:{s:4:"name";s:5:"photo";s:4:"slug";s:5:"photo";s:5:"count";i:431;}s:9:"slideshow";a:3:{s:4:"name";s:9:"slideshow";s:4:"slug";s:9:"slideshow";s:5:"count";i:424;}s:6:"photos";a:3:{s:4:"name";s:6:"photos";s:4:"slug";s:6:"photos";s:5:"count";i:418;}s:5:"stats";a:3:{s:4:"name";s:5:"stats";s:4:"slug";s:5:"stats";s:5:"count";i:417;}s:10:"navigation";a:3:{s:4:"name";s:10:"navigation";s:4:"slug";s:10:"navigation";s:5:"count";i:416;}s:9:"marketing";a:3:{s:4:"name";s:9:"marketing";s:4:"slug";s:9:"marketing";s:5:"count";i:413;}s:8:"calendar";a:3:{s:4:"name";s:8:"calendar";s:4:"slug";s:8:"calendar";s:5:"count";i:407;}s:10:"statistics";a:3:{s:4:"name";s:10:"statistics";s:4:"slug";s:10:"statistics";s:5:"count";i:402;}s:4:"chat";a:3:{s:4:"name";s:4:"chat";s:4:"slug";s:4:"chat";s:5:"count";i:401;}s:5:"popup";a:3:{s:4:"name";s:5:"popup";s:4:"slug";s:5:"popup";s:5:"count";i:396;}s:9:"gutenberg";a:3:{s:4:"name";s:9:"gutenberg";s:4:"slug";s:9:"gutenberg";s:5:"count";i:392;}s:10:"newsletter";a:3:{s:4:"name";s:10:"newsletter";s:4:"slug";s:10:"newsletter";s:5:"count";i:388;}s:10:"shortcodes";a:3:{s:4:"name";s:10:"shortcodes";s:4:"slug";s:10:"shortcodes";s:5:"count";i:386;}s:4:"news";a:3:{s:4:"name";s:4:"news";s:4:"slug";s:4:"news";s:5:"count";i:386;}s:12:"social-media";a:3:{s:4:"name";s:12:"social media";s:4:"slug";s:12:"social-media";s:5:"count";i:382;}s:5:"forms";a:3:{s:4:"name";s:5:"forms";s:4:"slug";s:5:"forms";s:5:"count";i:376;}s:4:"code";a:3:{s:4:"name";s:4:"code";s:4:"slug";s:4:"code";s:5:"count";i:369;}s:7:"plugins";a:3:{s:4:"name";s:7:"plugins";s:4:"slug";s:7:"plugins";s:5:"count";i:363;}s:8:"redirect";a:3:{s:4:"name";s:8:"redirect";s:4:"slug";s:8:"redirect";s:5:"count";i:363;}s:9:"multisite";a:3:{s:4:"name";s:9:"multisite";s:4:"slug";s:9:"multisite";s:5:"count";i:359;}s:3:"url";a:3:{s:4:"name";s:3:"url";s:4:"slug";s:3:"url";s:5:"count";i:357;}s:14:"contact-form-7";a:3:{s:4:"name";s:14:"contact form 7";s:4:"slug";s:14:"contact-form-7";s:5:"count";i:356;}s:4:"meta";a:3:{s:4:"name";s:4:"meta";s:4:"slug";s:4:"meta";s:5:"count";i:351;}s:4:"list";a:3:{s:4:"name";s:4:"list";s:4:"slug";s:4:"list";s:5:"count";i:348;}s:11:"performance";a:3:{s:4:"name";s:11:"performance";s:4:"slug";s:11:"performance";s:5:"count";i:346;}s:12:"notification";a:3:{s:4:"name";s:12:"notification";s:4:"slug";s:12:"notification";s:5:"count";i:335;}s:16:"custom-post-type";a:3:{s:4:"name";s:16:"custom post type";s:4:"slug";s:16:"custom-post-type";s:5:"count";i:326;}s:8:"tracking";a:3:{s:4:"name";s:8:"tracking";s:4:"slug";s:8:"tracking";s:5:"count";i:326;}s:11:"advertising";a:3:{s:4:"name";s:11:"advertising";s:4:"slug";s:11:"advertising";s:5:"count";i:326;}s:16:"google-analytics";a:3:{s:4:"name";s:16:"google analytics";s:4:"slug";s:16:"google-analytics";s:5:"count";i:322;}s:6:"simple";a:3:{s:4:"name";s:6:"simple";s:4:"slug";s:6:"simple";s:5:"count";i:320;}s:4:"html";a:3:{s:4:"name";s:4:"html";s:4:"slug";s:4:"html";s:5:"count";i:317;}s:6:"author";a:3:{s:4:"name";s:6:"author";s:4:"slug";s:6:"author";s:5:"count";i:313;}s:7:"adsense";a:3:{s:4:"name";s:7:"adsense";s:4:"slug";s:7:"adsense";s:5:"count";i:311;}}', 'no'),
(137, '_site_transient_update_plugins', 'O:8:"stdClass":5:{s:12:"last_checked";i:1568292403;s:7:"checked";a:5:{s:19:"akismet/akismet.php";s:5:"4.1.2";s:33:"classic-editor/classic-editor.php";s:3:"1.5";s:9:"hello.php";s:5:"1.7.2";s:39:"siteorigin-panels/siteorigin-panels.php";s:7:"2.10.10";s:25:"insert-php/insert_php.php";s:5:"2.2.7";}s:8:"response";a:0:{}s:12:"translations";a:0:{}s:9:"no_update";a:5:{s:19:"akismet/akismet.php";O:8:"stdClass":9:{s:2:"id";s:21:"w.org/plugins/akismet";s:4:"slug";s:7:"akismet";s:6:"plugin";s:19:"akismet/akismet.php";s:11:"new_version";s:5:"4.1.2";s:3:"url";s:38:"https://wordpress.org/plugins/akismet/";s:7:"package";s:56:"https://downloads.wordpress.org/plugin/akismet.4.1.2.zip";s:5:"icons";a:2:{s:2:"2x";s:59:"https://ps.w.org/akismet/assets/icon-256x256.png?rev=969272";s:2:"1x";s:59:"https://ps.w.org/akismet/assets/icon-128x128.png?rev=969272";}s:7:"banners";a:1:{s:2:"1x";s:61:"https://ps.w.org/akismet/assets/banner-772x250.jpg?rev=479904";}s:11:"banners_rtl";a:0:{}}s:33:"classic-editor/classic-editor.php";O:8:"stdClass":9:{s:2:"id";s:28:"w.org/plugins/classic-editor";s:4:"slug";s:14:"classic-editor";s:6:"plugin";s:33:"classic-editor/classic-editor.php";s:11:"new_version";s:3:"1.5";s:3:"url";s:45:"https://wordpress.org/plugins/classic-editor/";s:7:"package";s:61:"https://downloads.wordpress.org/plugin/classic-editor.1.5.zip";s:5:"icons";a:2:{s:2:"2x";s:67:"https://ps.w.org/classic-editor/assets/icon-256x256.png?rev=1998671";s:2:"1x";s:67:"https://ps.w.org/classic-editor/assets/icon-128x128.png?rev=1998671";}s:7:"banners";a:2:{s:2:"2x";s:70:"https://ps.w.org/classic-editor/assets/banner-1544x500.png?rev=1998671";s:2:"1x";s:69:"https://ps.w.org/classic-editor/assets/banner-772x250.png?rev=1998676";}s:11:"banners_rtl";a:0:{}}s:9:"hello.php";O:8:"stdClass":9:{s:2:"id";s:25:"w.org/plugins/hello-dolly";s:4:"slug";s:11:"hello-dolly";s:6:"plugin";s:9:"hello.php";s:11:"new_version";s:5:"1.7.2";s:3:"url";s:42:"https://wordpress.org/plugins/hello-dolly/";s:7:"package";s:60:"https://downloads.wordpress.org/plugin/hello-dolly.1.7.2.zip";s:5:"icons";a:2:{s:2:"2x";s:64:"https://ps.w.org/hello-dolly/assets/icon-256x256.jpg?rev=2052855";s:2:"1x";s:64:"https://ps.w.org/hello-dolly/assets/icon-128x128.jpg?rev=2052855";}s:7:"banners";a:1:{s:2:"1x";s:66:"https://ps.w.org/hello-dolly/assets/banner-772x250.jpg?rev=2052855";}s:11:"banners_rtl";a:0:{}}s:39:"siteorigin-panels/siteorigin-panels.php";O:8:"stdClass":9:{s:2:"id";s:31:"w.org/plugins/siteorigin-panels";s:4:"slug";s:17:"siteorigin-panels";s:6:"plugin";s:39:"siteorigin-panels/siteorigin-panels.php";s:11:"new_version";s:7:"2.10.10";s:3:"url";s:48:"https://wordpress.org/plugins/siteorigin-panels/";s:7:"package";s:68:"https://downloads.wordpress.org/plugin/siteorigin-panels.2.10.10.zip";s:5:"icons";a:2:{s:2:"2x";s:70:"https://ps.w.org/siteorigin-panels/assets/icon-256x256.png?rev=1044755";s:2:"1x";s:70:"https://ps.w.org/siteorigin-panels/assets/icon-128x128.png?rev=1044755";}s:7:"banners";a:1:{s:2:"1x";s:72:"https://ps.w.org/siteorigin-panels/assets/banner-772x250.jpg?rev=1044755";}s:11:"banners_rtl";a:0:{}}s:25:"insert-php/insert_php.php";O:8:"stdClass":9:{s:2:"id";s:24:"w.org/plugins/insert-php";s:4:"slug";s:10:"insert-php";s:6:"plugin";s:25:"insert-php/insert_php.php";s:11:"new_version";s:5:"2.2.7";s:3:"url";s:41:"https://wordpress.org/plugins/insert-php/";s:7:"package";s:53:"https://downloads.wordpress.org/plugin/insert-php.zip";s:5:"icons";a:2:{s:2:"2x";s:63:"https://ps.w.org/insert-php/assets/icon-256x256.png?rev=2011746";s:2:"1x";s:63:"https://ps.w.org/insert-php/assets/icon-128x128.png?rev=2011746";}s:7:"banners";a:2:{s:2:"2x";s:66:"https://ps.w.org/insert-php/assets/banner-1544x500.jpg?rev=2011746";s:2:"1x";s:65:"https://ps.w.org/insert-php/assets/banner-772x250.jpg?rev=2011746";}s:11:"banners_rtl";a:0:{}}}}', 'no'),
(138, 'siteorigin_panels_settings', 'a:0:{}', 'yes'),
(139, 'siteorigin_panels_initial_version', '2.10.10', 'no'),
(142, 'wbcr_inp_activate_by_default', '1', 'yes'),
(143, 'wbcr_inp_complete_uninstall', '0', 'yes'),
(144, 'wbcr_inp_code_editor_theme', 'default', 'yes'),
(145, 'wbcr_inp_code_editor_indent_with_tabs', '1', 'yes'),
(146, 'wbcr_inp_code_editor_tab_size', '4', 'yes'),
(147, 'wbcr_inp_code_editor_indent_unit', '4', 'yes'),
(148, 'wbcr_inp_code_editor_wrap_lines', '1', 'yes'),
(149, 'wbcr_inp_code_editor_line_numbers', '1', 'yes'),
(150, 'wbcr_inp_code_editor_auto_close_brackets', '1', 'yes'),
(151, 'wbcr_inp_code_editor_highlight_selection_matches', '0', 'yes'),
(152, 'wbcr_inp_demo_snippets_created', '1', 'yes'),
(154, 'wbcr_inp_first_activation', 'a:2:{s:7:"version";s:5:"2.2.7";s:9:"timestamp";i:1568292412;}', 'yes'),
(155, 'wbcr_inp_plugin_activated', '1568292415', 'yes'),
(156, 'wbcr_inp_plugin_version', '2.2.7', 'yes'),
(157, 'siteorigin_panels_active_version', '2.10.10', 'yes'),
(158, 'widget_siteorigin-panels-post-content', 'a:1:{s:12:"_multiwidget";i:1;}', 'yes'),
(159, 'widget_siteorigin-panels-postloop', 'a:1:{s:12:"_multiwidget";i:1;}', 'yes'),
(160, 'widget_siteorigin-panels-builder', 'a:1:{s:12:"_multiwidget";i:1;}', 'yes'),
(161, 'wbcr_inp_last_check_premium_update_time', '1568292416', 'yes');

-- --------------------------------------------------------

--
-- Table structure for table `amppostmeta`
--

CREATE TABLE `amppostmeta` (
  `meta_id` bigint(20) UNSIGNED NOT NULL,
  `post_id` bigint(20) UNSIGNED NOT NULL DEFAULT '0',
  `meta_key` varchar(255) COLLATE utf8mb4_unicode_ci DEFAULT NULL,
  `meta_value` longtext COLLATE utf8mb4_unicode_ci
) ENGINE=InnoDB DEFAULT CHARSET=utf8mb4 COLLATE=utf8mb4_unicode_ci;

--
-- Dumping data for table `amppostmeta`
--

INSERT INTO `amppostmeta` (`meta_id`, `post_id`, `meta_key`, `meta_value`) VALUES
(1, 2, '_wp_page_template', 'default'),
(2, 3, '_wp_page_template', 'default'),
(3, 5, 'wbcr_inp_snippet_type', 'php'),
(4, 5, 'wbcr_inp_snippet_scope', 'evrywhere'),
(5, 5, 'wbcr_inp_snippet_description', 'Emojis are little icons used to express ideas or emotions. While these icons are fun and all, are they really necessary for your WordPress site? This snippet to disable emojis on your site to make it faster.'),
(6, 6, 'wbcr_inp_snippet_type', 'text'),
(7, 6, 'wbcr_inp_snippet_scope', 'shortcode'),
(8, 6, 'wbcr_inp_snippet_description', 'This ordinary maintenance text. With this snippet, you can fill your pages with meaningless English text.'),
(9, 6, 'wbcr_inp_snippet_filters', 'a:1:{i:0;O:8:"stdClass":2:{s:10:"conditions";a:2:{i:0;O:8:"stdClass":2:{s:4:"type";s:5:"scope";s:10:"conditions";a:1:{i:0;O:8:"stdClass":4:{s:5:"param";s:18:"location-some-page";s:8:"operator";s:6:"equals";s:4:"type";s:6:"select";s:5:"value";s:9:"base_sing";}}}i:1;O:8:"stdClass":2:{s:4:"type";s:5:"scope";s:10:"conditions";a:2:{i:0;O:8:"stdClass":4:{s:5:"param";s:18:"location-post-type";s:8:"operator";s:6:"equals";s:4:"type";s:6:"select";s:5:"value";s:4:"post";}i:1;O:8:"stdClass":4:{s:5:"param";s:18:"location-post-type";s:8:"operator";s:6:"equals";s:4:"type";s:6:"select";s:5:"value";s:4:"page";}}}}s:4:"type";s:6:"showif";}}'),
(10, 6, 'wbcr_inp_changed_filters', '1'),
(11, 7, 'wbcr_inp_snippet_type', 'universal'),
(12, 7, 'wbcr_inp_snippet_scope', 'auto'),
(13, 7, 'wbcr_inp_snippet_location', 'header'),
(14, 7, 'wbcr_inp_snippet_description', 'Google analytics tracking code will be added to all pages before the &lt;/head&gt; tag. Please remember to set the Tracking ID before activating the snippet.'),
(15, 7, 'wbcr_inp_snippet_filters', 'a:1:{i:0;O:8:"stdClass":2:{s:10:"conditions";a:1:{i:0;O:8:"stdClass":2:{s:4:"type";s:5:"scope";s:10:"conditions";a:1:{i:0;O:8:"stdClass":4:{s:5:"param";s:18:"location-some-page";s:8:"operator";s:6:"equals";s:4:"type";s:6:"select";s:5:"value";s:8:"base_web";}}}}s:4:"type";s:6:"showif";}}'),
(16, 7, 'wbcr_inp_changed_filters', '1');

-- --------------------------------------------------------

--
-- Table structure for table `ampposts`
--

CREATE TABLE `ampposts` (
  `ID` bigint(20) UNSIGNED NOT NULL,
  `post_author` bigint(20) UNSIGNED NOT NULL DEFAULT '0',
  `post_date` datetime NOT NULL DEFAULT '0000-00-00 00:00:00',
  `post_date_gmt` datetime NOT NULL DEFAULT '0000-00-00 00:00:00',
  `post_content` longtext COLLATE utf8mb4_unicode_ci NOT NULL,
  `post_title` text COLLATE utf8mb4_unicode_ci NOT NULL,
  `post_excerpt` text COLLATE utf8mb4_unicode_ci NOT NULL,
  `post_status` varchar(20) COLLATE utf8mb4_unicode_ci NOT NULL DEFAULT 'publish',
  `comment_status` varchar(20) COLLATE utf8mb4_unicode_ci NOT NULL DEFAULT 'open',
  `ping_status` varchar(20) COLLATE utf8mb4_unicode_ci NOT NULL DEFAULT 'open',
  `post_password` varchar(255) COLLATE utf8mb4_unicode_ci NOT NULL DEFAULT '',
  `post_name` varchar(200) COLLATE utf8mb4_unicode_ci NOT NULL DEFAULT '',
  `to_ping` text COLLATE utf8mb4_unicode_ci NOT NULL,
  `pinged` text COLLATE utf8mb4_unicode_ci NOT NULL,
  `post_modified` datetime NOT NULL DEFAULT '0000-00-00 00:00:00',
  `post_modified_gmt` datetime NOT NULL DEFAULT '0000-00-00 00:00:00',
  `post_content_filtered` longtext COLLATE utf8mb4_unicode_ci NOT NULL,
  `post_parent` bigint(20) UNSIGNED NOT NULL DEFAULT '0',
  `guid` varchar(255) COLLATE utf8mb4_unicode_ci NOT NULL DEFAULT '',
  `menu_order` int(11) NOT NULL DEFAULT '0',
  `post_type` varchar(20) COLLATE utf8mb4_unicode_ci NOT NULL DEFAULT 'post',
  `post_mime_type` varchar(100) COLLATE utf8mb4_unicode_ci NOT NULL DEFAULT '',
  `comment_count` bigint(20) NOT NULL DEFAULT '0'
) ENGINE=InnoDB DEFAULT CHARSET=utf8mb4 COLLATE=utf8mb4_unicode_ci;

--
-- Dumping data for table `ampposts`
--

INSERT INTO `ampposts` (`ID`, `post_author`, `post_date`, `post_date_gmt`, `post_content`, `post_title`, `post_excerpt`, `post_status`, `comment_status`, `ping_status`, `post_password`, `post_name`, `to_ping`, `pinged`, `post_modified`, `post_modified_gmt`, `post_content_filtered`, `post_parent`, `guid`, `menu_order`, `post_type`, `post_mime_type`, `comment_count`) VALUES
(1, 1, '2019-09-12 12:42:36', '2019-09-12 12:42:36', '<!-- wp:paragraph -->\n<p>Welcome to WordPress. This is your first post. Edit or delete it, then start writing!</p>\n<!-- /wp:paragraph -->', 'Hello world!', '', 'publish', 'open', 'open', '', 'hello-world', '', '', '2019-09-12 12:42:36', '2019-09-12 12:42:36', '', 0, 'http://localhost/amp/?p=1', 0, 'post', '', 1),
(2, 1, '2019-09-12 12:42:36', '2019-09-12 12:42:36', '<!-- wp:paragraph -->\n<p>This is an example page. It''s different from a blog post because it will stay in one place and will show up in your site navigation (in most themes). Most people start with an About page that introduces them to potential site visitors. It might say something like this:</p>\n<!-- /wp:paragraph -->\n\n<!-- wp:quote -->\n<blockquote class="wp-block-quote"><p>Hi there! I''m a bike messenger by day, aspiring actor by night, and this is my website. I live in Los Angeles, have a great dog named Jack, and I like pi&#241;a coladas. (And gettin'' caught in the rain.)</p></blockquote>\n<!-- /wp:quote -->\n\n<!-- wp:paragraph -->\n<p>...or something like this:</p>\n<!-- /wp:paragraph -->\n\n<!-- wp:quote -->\n<blockquote class="wp-block-quote"><p>The XYZ Doohickey Company was founded in 1971, and has been providing quality doohickeys to the public ever since. Located in Gotham City, XYZ employs over 2,000 people and does all kinds of awesome things for the Gotham community.</p></blockquote>\n<!-- /wp:quote -->\n\n<!-- wp:paragraph -->\n<p>As a new WordPress user, you should go to <a href="http://localhost/amp/wp-admin/">your dashboard</a> to delete this page and create new pages for your content. Have fun!</p>\n<!-- /wp:paragraph -->', 'Sample Page', '', 'publish', 'closed', 'open', '', 'sample-page', '', '', '2019-09-12 12:42:36', '2019-09-12 12:42:36', '', 0, 'http://localhost/amp/?page_id=2', 0, 'page', '', 0),
(3, 1, '2019-09-12 12:42:36', '2019-09-12 12:42:36', '<!-- wp:heading --><h2>Who we are</h2><!-- /wp:heading --><!-- wp:paragraph --><p>Our website address is: http://localhost/amp.</p><!-- /wp:paragraph --><!-- wp:heading --><h2>What personal data we collect and why we collect it</h2><!-- /wp:heading --><!-- wp:heading {"level":3} --><h3>Comments</h3><!-- /wp:heading --><!-- wp:paragraph --><p>When visitors leave comments on the site we collect the data shown in the comments form, and also the visitor&#8217;s IP address and browser user agent string to help spam detection.</p><!-- /wp:paragraph --><!-- wp:paragraph --><p>An anonymized string created from your email address (also called a hash) may be provided to the Gravatar service to see if you are using it. The Gravatar service privacy policy is available here: https://automattic.com/privacy/. After approval of your comment, your profile picture is visible to the public in the context of your comment.</p><!-- /wp:paragraph --><!-- wp:heading {"level":3} --><h3>Media</h3><!-- /wp:heading --><!-- wp:paragraph --><p>If you upload images to the website, you should avoid uploading images with embedded location data (EXIF GPS) included. Visitors to the website can download and extract any location data from images on the website.</p><!-- /wp:paragraph --><!-- wp:heading {"level":3} --><h3>Contact forms</h3><!-- /wp:heading --><!-- wp:heading {"level":3} --><h3>Cookies</h3><!-- /wp:heading --><!-- wp:paragraph --><p>If you leave a comment on our site you may opt-in to saving your name, email address and website in cookies. These are for your convenience so that you do not have to fill in your details again when you leave another comment. These cookies will last for one year.</p><!-- /wp:paragraph --><!-- wp:paragraph --><p>If you visit our login page, we will set a temporary cookie to determine if your browser accepts cookies. This cookie contains no personal data and is discarded when you close your browser.</p><!-- /wp:paragraph --><!-- wp:paragraph --><p>When you log in, we will also set up several cookies to save your login information and your screen display choices. Login cookies last for two days, and screen options cookies last for a year. If you select &quot;Remember Me&quot;, your login will persist for two weeks. If you log out of your account, the login cookies will be removed.</p><!-- /wp:paragraph --><!-- wp:paragraph --><p>If you edit or publish an article, an additional cookie will be saved in your browser. This cookie includes no personal data and simply indicates the post ID of the article you just edited. It expires after 1 day.</p><!-- /wp:paragraph --><!-- wp:heading {"level":3} --><h3>Embedded content from other websites</h3><!-- /wp:heading --><!-- wp:paragraph --><p>Articles on this site may include embedded content (e.g. videos, images, articles, etc.). Embedded content from other websites behaves in the exact same way as if the visitor has visited the other website.</p><!-- /wp:paragraph --><!-- wp:paragraph --><p>These websites may collect data about you, use cookies, embed additional third-party tracking, and monitor your interaction with that embedded content, including tracking your interaction with the embedded content if you have an account and are logged in to that website.</p><!-- /wp:paragraph --><!-- wp:heading {"level":3} --><h3>Analytics</h3><!-- /wp:heading --><!-- wp:heading --><h2>Who we share your data with</h2><!-- /wp:heading --><!-- wp:heading --><h2>How long we retain your data</h2><!-- /wp:heading --><!-- wp:paragraph --><p>If you leave a comment, the comment and its metadata are retained indefinitely. This is so we can recognize and approve any follow-up comments automatically instead of holding them in a moderation queue.</p><!-- /wp:paragraph --><!-- wp:paragraph --><p>For users that register on our website (if any), we also store the personal information they provide in their user profile. All users can see, edit, or delete their personal information at any time (except they cannot change their username). Website administrators can also see and edit that information.</p><!-- /wp:paragraph --><!-- wp:heading --><h2>What rights you have over your data</h2><!-- /wp:heading --><!-- wp:paragraph --><p>If you have an account on this site, or have left comments, you can request to receive an exported file of the personal data we hold about you, including any data you have provided to us. You can also request that we erase any personal data we hold about you. This does not include any data we are obliged to keep for administrative, legal, or security purposes.</p><!-- /wp:paragraph --><!-- wp:heading --><h2>Where we send your data</h2><!-- /wp:heading --><!-- wp:paragraph --><p>Visitor comments may be checked through an automated spam detection service.</p><!-- /wp:paragraph --><!-- wp:heading --><h2>Your contact information</h2><!-- /wp:heading --><!-- wp:heading --><h2>Additional information</h2><!-- /wp:heading --><!-- wp:heading {"level":3} --><h3>How we protect your data</h3><!-- /wp:heading --><!-- wp:heading {"level":3} --><h3>What data breach procedures we have in place</h3><!-- /wp:heading --><!-- wp:heading {"level":3} --><h3>What third parties we receive data from</h3><!-- /wp:heading --><!-- wp:heading {"level":3} --><h3>What automated decision making and/or profiling we do with user data</h3><!-- /wp:heading --><!-- wp:heading {"level":3} --><h3>Industry regulatory disclosure requirements</h3><!-- /wp:heading -->', 'Privacy Policy', '', 'draft', 'closed', 'open', '', 'privacy-policy', '', '', '2019-09-12 12:42:36', '2019-09-12 12:42:36', '', 0, 'http://localhost/amp/?page_id=3', 0, 'page', '', 0),
(4, 1, '2019-09-12 12:43:35', '0000-00-00 00:00:00', '', 'Auto Draft', '', 'auto-draft', 'open', 'open', '', '', '', '', '2019-09-12 12:43:35', '0000-00-00 00:00:00', '', 0, 'http://localhost/amp/?p=4', 0, 'post', '', 0),
(5, 1, '2019-09-12 12:46:52', '2019-09-12 12:46:52', '/**\r\n* Disable WP 4.2 emoji\r\n*/\r\nfunction ace_remove_emoji() {\r\n	add_filter( ''emoji_svg_url'', ''__return_false'' );\r\n	remove_action( ''admin_print_styles'', ''print_emoji_styles'' );\r\n	remove_action( ''wp_head'', ''print_emoji_detection_script'', 7 );\r\n	remove_action( ''admin_print_scripts'', ''print_emoji_detection_script'' );\r\n	remove_action( ''wp_print_styles'', ''print_emoji_styles'' );\r\n	remove_filter( ''wp_mail'', ''wp_staticize_emoji_for_email'' );\r\n	remove_filter( ''the_content_feed'', ''wp_staticize_emoji'' );\r\n	remove_filter( ''comment_text_rss'', ''wp_staticize_emoji'' );\r\n	// filter to remove TinyMCE emojis\r\n	add_filter( ''tiny_mce_plugins'', ''ace_disable_emoji_tinymce'' );\r\n}\r\nadd_action( ''init'', ''ace_remove_emoji'' );\r\n/**\r\n* Remove tinyMCE emoji\r\n*/\r\nfunction ace_disable_emoji_tinymce( $plugins ) {\r\n	unset( $plugins[''wpemoji''] );\r\n	return $plugins;\r\n}\r\n', 'Simple php snippet: Disable emojis', '', 'publish', 'closed', 'closed', '', 'simple-php-snippet-disable-emojis', '', '', '2019-09-12 12:46:52', '2019-09-12 12:46:52', '', 0, 'http://localhost/amp/2019/09/12/simple-php-snippet-disable-emojis/', 0, 'wbcr-snippets', '', 0),
(6, 1, '2019-09-12 12:46:53', '2019-09-12 12:46:53', '<h3>What is Lorem Ipsum?</h3>Lorem Ipsum is simply dummy text of the printing and typesetting industry. Lorem Ipsum has been the industry''s standard dummy text ever since the 1500s, when an unknown printer took a galley of type and scrambled it to make a type specimen book. It has survived not only five centuries, but also the leap into electronic typesetting, remaining essentially unchanged. It was popularised in the 1960s with the release of Letraset sheets containing Lorem Ipsum passages, and more recently with desktop publishing software like Aldus PageMaker including versions of Lorem Ipsum.\r\n{{SNIPPET_CONTENT}}\r\n', 'Simple text snippet: What is Lorem Ipsum?', '', 'publish', 'closed', 'closed', '', 'simple-text-snippet-what-is-lorem-ipsum', '', '', '2019-09-12 12:46:53', '2019-09-12 12:46:53', '', 0, 'http://localhost/amp/2019/09/12/simple-text-snippet-what-is-lorem-ipsum/', 0, 'wbcr-snippets', '', 0),
(7, 1, '2019-09-12 12:46:54', '2019-09-12 12:46:54', '<!-- Global Site Tag (gtag.js) - Google Analytics -->\r\n<script async src="https://www.googletagmanager.com/gtag/js?id=GA_TRACKING_ID"></script>\r\n<script>\r\n	window.dataLayer = window.dataLayer || [];\r\n	function gtag(){dataLayer.push(arguments);}\r\n	gtag(''js'', new Date());\r\n	gtag(''config'', ''GA_TRACKING_ID'');\r\n</script>\r\n<!-- End global Site Tag (gtag.js) - Google Analytics -->\r\n', 'Simple universal snippet: Google analytics tracking', '', 'publish', 'closed', 'closed', '', 'simple-universal-snippet-google-analytics-tracking', '', '', '2019-09-12 12:46:54', '2019-09-12 12:46:54', '', 0, 'http://localhost/amp/2019/09/12/simple-universal-snippet-google-analytics-tracking/', 0, 'wbcr-snippets', '', 0);

-- --------------------------------------------------------

--
-- Table structure for table `amptermmeta`
--

CREATE TABLE `amptermmeta` (
  `meta_id` bigint(20) UNSIGNED NOT NULL,
  `term_id` bigint(20) UNSIGNED NOT NULL DEFAULT '0',
  `meta_key` varchar(255) COLLATE utf8mb4_unicode_ci DEFAULT NULL,
  `meta_value` longtext COLLATE utf8mb4_unicode_ci
) ENGINE=InnoDB DEFAULT CHARSET=utf8mb4 COLLATE=utf8mb4_unicode_ci;

-- --------------------------------------------------------

--
-- Table structure for table `ampterms`
--

CREATE TABLE `ampterms` (
  `term_id` bigint(20) UNSIGNED NOT NULL,
  `name` varchar(200) COLLATE utf8mb4_unicode_ci NOT NULL DEFAULT '',
  `slug` varchar(200) COLLATE utf8mb4_unicode_ci NOT NULL DEFAULT '',
  `term_group` bigint(10) NOT NULL DEFAULT '0'
) ENGINE=InnoDB DEFAULT CHARSET=utf8mb4 COLLATE=utf8mb4_unicode_ci;

--
-- Dumping data for table `ampterms`
--

INSERT INTO `ampterms` (`term_id`, `name`, `slug`, `term_group`) VALUES
(1, 'Uncategorized', 'uncategorized', 0),
(2, 'php', 'php', 0),
(3, 'disable features', 'disable-features', 0),
(4, 'text', 'text', 0),
(5, 'lorem ipsum', 'lorem-ipsum', 0),
(6, 'universal', 'universal', 0),
(7, 'tracking', 'tracking', 0);

-- --------------------------------------------------------

--
-- Table structure for table `ampterm_relationships`
--

CREATE TABLE `ampterm_relationships` (
  `object_id` bigint(20) UNSIGNED NOT NULL DEFAULT '0',
  `term_taxonomy_id` bigint(20) UNSIGNED NOT NULL DEFAULT '0',
  `term_order` int(11) NOT NULL DEFAULT '0'
) ENGINE=InnoDB DEFAULT CHARSET=utf8mb4 COLLATE=utf8mb4_unicode_ci;

--
-- Dumping data for table `ampterm_relationships`
--

INSERT INTO `ampterm_relationships` (`object_id`, `term_taxonomy_id`, `term_order`) VALUES
(1, 1, 0),
(5, 2, 0),
(5, 3, 0),
(6, 4, 0),
(6, 5, 0),
(7, 6, 0),
(7, 7, 0);

-- --------------------------------------------------------

--
-- Table structure for table `ampterm_taxonomy`
--

CREATE TABLE `ampterm_taxonomy` (
  `term_taxonomy_id` bigint(20) UNSIGNED NOT NULL,
  `term_id` bigint(20) UNSIGNED NOT NULL DEFAULT '0',
  `taxonomy` varchar(32) COLLATE utf8mb4_unicode_ci NOT NULL DEFAULT '',
  `description` longtext COLLATE utf8mb4_unicode_ci NOT NULL,
  `parent` bigint(20) UNSIGNED NOT NULL DEFAULT '0',
  `count` bigint(20) NOT NULL DEFAULT '0'
) ENGINE=InnoDB DEFAULT CHARSET=utf8mb4 COLLATE=utf8mb4_unicode_ci;

--
-- Dumping data for table `ampterm_taxonomy`
--

INSERT INTO `ampterm_taxonomy` (`term_taxonomy_id`, `term_id`, `taxonomy`, `description`, `parent`, `count`) VALUES
(1, 1, 'category', '', 0, 1),
(2, 2, 'wbcr-snippet-tags', '', 0, 1),
(3, 3, 'wbcr-snippet-tags', '', 0, 1),
(4, 4, 'wbcr-snippet-tags', '', 0, 1),
(5, 5, 'wbcr-snippet-tags', '', 0, 1),
(6, 6, 'wbcr-snippet-tags', '', 0, 1),
(7, 7, 'wbcr-snippet-tags', '', 0, 1);

-- --------------------------------------------------------

--
-- Table structure for table `ampusermeta`
--

CREATE TABLE `ampusermeta` (
  `umeta_id` bigint(20) UNSIGNED NOT NULL,
  `user_id` bigint(20) UNSIGNED NOT NULL DEFAULT '0',
  `meta_key` varchar(255) COLLATE utf8mb4_unicode_ci DEFAULT NULL,
  `meta_value` longtext COLLATE utf8mb4_unicode_ci
) ENGINE=InnoDB DEFAULT CHARSET=utf8mb4 COLLATE=utf8mb4_unicode_ci;

--
-- Dumping data for table `ampusermeta`
--

INSERT INTO `ampusermeta` (`umeta_id`, `user_id`, `meta_key`, `meta_value`) VALUES
(1, 1, 'nickname', 'amp1920'),
(2, 1, 'first_name', ''),
(3, 1, 'last_name', ''),
(4, 1, 'description', ''),
(5, 1, 'rich_editing', 'true'),
(6, 1, 'syntax_highlighting', 'true'),
(7, 1, 'comment_shortcuts', 'false'),
(8, 1, 'admin_color', 'fresh'),
(9, 1, 'use_ssl', '0'),
(10, 1, 'show_admin_bar_front', 'true'),
(11, 1, 'locale', ''),
(12, 1, 'ampcapabilities', 'a:1:{s:13:"administrator";b:1;}'),
(13, 1, 'ampuser_level', '10'),
(14, 1, 'dismissed_wp_pointers', ''),
(15, 1, 'show_welcome_panel', '1'),
(16, 1, 'session_tokens', 'a:3:{s:64:"bd37a0b0187caca8494b87595181985a0099f88cea08fc9f79a7746fe8c30782";a:4:{s:10:"expiration";i:1568465010;s:2:"ip";s:3:"::1";s:2:"ua";s:115:"Mozilla/5.0 (Windows NT 10.0; Win64; x64) AppleWebKit/537.36 (KHTML, like Gecko) Chrome/76.0.3809.132 Safari/537.36";s:5:"login";i:1568292210;}s:64:"c868b28094acc5bf8af67bc6204450d6ed206480d133bc8a0b81df2060e8e6f0";a:4:{s:10:"expiration";i:1569501813;s:2:"ip";s:3:"::1";s:2:"ua";s:115:"Mozilla/5.0 (Windows NT 10.0; Win64; x64) AppleWebKit/537.36 (KHTML, like Gecko) Chrome/76.0.3809.132 Safari/537.36";s:5:"login";i:1568292213;}s:64:"c7634308f28d7dbd29d54e26bf81c345131b4c042878907593b1b1b2caac8c68";a:4:{s:10:"expiration";i:1568465026;s:2:"ip";s:3:"::1";s:2:"ua";s:115:"Mozilla/5.0 (Windows NT 10.0; Win64; x64) AppleWebKit/537.36 (KHTML, like Gecko) Chrome/76.0.3809.132 Safari/537.36";s:5:"login";i:1568292226;}}'),
(17, 1, 'ampdashboard_quick_press_last_post_id', '4');

-- --------------------------------------------------------

--
-- Table structure for table `ampusers`
--

CREATE TABLE `ampusers` (
  `ID` bigint(20) UNSIGNED NOT NULL,
  `user_login` varchar(60) COLLATE utf8mb4_unicode_ci NOT NULL DEFAULT '',
  `user_pass` varchar(255) COLLATE utf8mb4_unicode_ci NOT NULL DEFAULT '',
  `user_nicename` varchar(50) COLLATE utf8mb4_unicode_ci NOT NULL DEFAULT '',
  `user_email` varchar(100) COLLATE utf8mb4_unicode_ci NOT NULL DEFAULT '',
  `user_url` varchar(100) COLLATE utf8mb4_unicode_ci NOT NULL DEFAULT '',
  `user_registered` datetime NOT NULL DEFAULT '0000-00-00 00:00:00',
  `user_activation_key` varchar(255) COLLATE utf8mb4_unicode_ci NOT NULL DEFAULT '',
  `user_status` int(11) NOT NULL DEFAULT '0',
  `display_name` varchar(250) COLLATE utf8mb4_unicode_ci NOT NULL DEFAULT ''
) ENGINE=InnoDB DEFAULT CHARSET=utf8mb4 COLLATE=utf8mb4_unicode_ci;

--
-- Dumping data for table `ampusers`
--

INSERT INTO `ampusers` (`ID`, `user_login`, `user_pass`, `user_nicename`, `user_email`, `user_url`, `user_registered`, `user_activation_key`, `user_status`, `display_name`) VALUES
(1, 'amp1920', '$P$BV0P0MWEGyxyLRt2F3UBN30ww4fyG1.', 'amp1920', 'dan.restoles@obf.ateneo.edu', '', '2019-09-12 12:42:35', '', 0, 'amp1920');

--
-- Indexes for dumped tables
--

--
-- Indexes for table `ampcommentmeta`
--
ALTER TABLE `ampcommentmeta`
  ADD PRIMARY KEY (`meta_id`),
  ADD KEY `comment_id` (`comment_id`),
  ADD KEY `meta_key` (`meta_key`(191));

--
-- Indexes for table `ampcomments`
--
ALTER TABLE `ampcomments`
  ADD PRIMARY KEY (`comment_ID`),
  ADD KEY `comment_post_ID` (`comment_post_ID`),
  ADD KEY `comment_approved_date_gmt` (`comment_approved`,`comment_date_gmt`),
  ADD KEY `comment_date_gmt` (`comment_date_gmt`),
  ADD KEY `comment_parent` (`comment_parent`),
  ADD KEY `comment_author_email` (`comment_author_email`(10));

--
-- Indexes for table `amplinks`
--
ALTER TABLE `amplinks`
  ADD PRIMARY KEY (`link_id`),
  ADD KEY `link_visible` (`link_visible`);

--
-- Indexes for table `ampoptions`
--
ALTER TABLE `ampoptions`
  ADD PRIMARY KEY (`option_id`),
  ADD UNIQUE KEY `option_name` (`option_name`);

--
-- Indexes for table `amppostmeta`
--
ALTER TABLE `amppostmeta`
  ADD PRIMARY KEY (`meta_id`),
  ADD KEY `post_id` (`post_id`),
  ADD KEY `meta_key` (`meta_key`(191));

--
-- Indexes for table `ampposts`
--
ALTER TABLE `ampposts`
  ADD PRIMARY KEY (`ID`),
  ADD KEY `post_name` (`post_name`(191)),
  ADD KEY `type_status_date` (`post_type`,`post_status`,`post_date`,`ID`),
  ADD KEY `post_parent` (`post_parent`),
  ADD KEY `post_author` (`post_author`);

--
-- Indexes for table `amptermmeta`
--
ALTER TABLE `amptermmeta`
  ADD PRIMARY KEY (`meta_id`),
  ADD KEY `term_id` (`term_id`),
  ADD KEY `meta_key` (`meta_key`(191));

--
-- Indexes for table `ampterms`
--
ALTER TABLE `ampterms`
  ADD PRIMARY KEY (`term_id`),
  ADD KEY `slug` (`slug`(191)),
  ADD KEY `name` (`name`(191));

--
-- Indexes for table `ampterm_relationships`
--
ALTER TABLE `ampterm_relationships`
  ADD PRIMARY KEY (`object_id`,`term_taxonomy_id`),
  ADD KEY `term_taxonomy_id` (`term_taxonomy_id`);

--
-- Indexes for table `ampterm_taxonomy`
--
ALTER TABLE `ampterm_taxonomy`
  ADD PRIMARY KEY (`term_taxonomy_id`),
  ADD UNIQUE KEY `term_id_taxonomy` (`term_id`,`taxonomy`),
  ADD KEY `taxonomy` (`taxonomy`);

--
-- Indexes for table `ampusermeta`
--
ALTER TABLE `ampusermeta`
  ADD PRIMARY KEY (`umeta_id`),
  ADD KEY `user_id` (`user_id`),
  ADD KEY `meta_key` (`meta_key`(191));

--
-- Indexes for table `ampusers`
--
ALTER TABLE `ampusers`
  ADD PRIMARY KEY (`ID`),
  ADD KEY `user_login_key` (`user_login`),
  ADD KEY `user_nicename` (`user_nicename`),
  ADD KEY `user_email` (`user_email`);

--
-- AUTO_INCREMENT for dumped tables
--

--
-- AUTO_INCREMENT for table `ampcommentmeta`
--
ALTER TABLE `ampcommentmeta`
  MODIFY `meta_id` bigint(20) UNSIGNED NOT NULL AUTO_INCREMENT;
--
-- AUTO_INCREMENT for table `ampcomments`
--
ALTER TABLE `ampcomments`
  MODIFY `comment_ID` bigint(20) UNSIGNED NOT NULL AUTO_INCREMENT, AUTO_INCREMENT=2;
--
-- AUTO_INCREMENT for table `amplinks`
--
ALTER TABLE `amplinks`
  MODIFY `link_id` bigint(20) UNSIGNED NOT NULL AUTO_INCREMENT;
--
-- AUTO_INCREMENT for table `ampoptions`
--
ALTER TABLE `ampoptions`
  MODIFY `option_id` bigint(20) UNSIGNED NOT NULL AUTO_INCREMENT, AUTO_INCREMENT=162;
--
-- AUTO_INCREMENT for table `amppostmeta`
--
ALTER TABLE `amppostmeta`
  MODIFY `meta_id` bigint(20) UNSIGNED NOT NULL AUTO_INCREMENT, AUTO_INCREMENT=17;
--
-- AUTO_INCREMENT for table `ampposts`
--
ALTER TABLE `ampposts`
  MODIFY `ID` bigint(20) UNSIGNED NOT NULL AUTO_INCREMENT, AUTO_INCREMENT=8;
--
-- AUTO_INCREMENT for table `amptermmeta`
--
ALTER TABLE `amptermmeta`
  MODIFY `meta_id` bigint(20) UNSIGNED NOT NULL AUTO_INCREMENT;
--
-- AUTO_INCREMENT for table `ampterms`
--
ALTER TABLE `ampterms`
  MODIFY `term_id` bigint(20) UNSIGNED NOT NULL AUTO_INCREMENT, AUTO_INCREMENT=8;
--
-- AUTO_INCREMENT for table `ampterm_taxonomy`
--
ALTER TABLE `ampterm_taxonomy`
  MODIFY `term_taxonomy_id` bigint(20) UNSIGNED NOT NULL AUTO_INCREMENT, AUTO_INCREMENT=8;
--
-- AUTO_INCREMENT for table `ampusermeta`
--
ALTER TABLE `ampusermeta`
  MODIFY `umeta_id` bigint(20) UNSIGNED NOT NULL AUTO_INCREMENT, AUTO_INCREMENT=18;
--
-- AUTO_INCREMENT for table `ampusers`
--
ALTER TABLE `ampusers`
  MODIFY `ID` bigint(20) UNSIGNED NOT NULL AUTO_INCREMENT, AUTO_INCREMENT=2;
/*!40101 SET CHARACTER_SET_CLIENT=@OLD_CHARACTER_SET_CLIENT */;
/*!40101 SET CHARACTER_SET_RESULTS=@OLD_CHARACTER_SET_RESULTS */;
/*!40101 SET COLLATION_CONNECTION=@OLD_COLLATION_CONNECTION */;
